{
  "bell_analysis": {
    "optimal_angles": {
      "a": 0.7853981633974483,
      "a_prime": 2.356194490192345,
      "b": 0.39269908169872414,
      "b_prime": 1.9634954084936207
    },
    "oft_bell_parameter": 0.025693445150131278,
    "classical_bound": 2.0,
    "quantum_bound": 2.8284271247461903,
    "violation_ratio": 0.012846722575065639,
    "max_violation": {
      "tension": 0.5,
      "bell_parameter": 0.06895923736532117,
      "violation_factor": 0.034479618682660584
    }
  },
  "collatz_analysis": {
    "convergence_data": {
      "3": {
        "sequence_length": 101,
        "final_value": 22.363124045039736,
        "converged": "False",
        "max_value": 22.488168336734685,
        "octave_phases": [
          2.0943951023931953,
          5.585053606381854,
          5.585053606381854,
          2.792526803190927,
          2.792526803190927,
          2.792526803190927,
          2.792526803190927,
          2.792526803190927,
          2.792526803190927,
          2.792526803190927
        ]
      },
      "5": {
        "sequence_length": 101,
        "final_value": 22.354598616020617,
        "converged": "False",
        "max_value": 22.54612371096568,
        "octave_phases": [
          3.490658503988659,
          2.0943951023931953,
          1.3962634015954636,
          2.792526803190927,
          2.792526803190927,
          2.792526803190927,
          2.792526803190927,
          2.792526803190927,
          2.792526803190927,
          2.792526803190927
        ]
      },
      "7": {
        "sequence_length": 101,
        "final_value": 22.18657283869904,
        "converged": "False",
        "max_value": 22.509132457680906,
        "octave_phases": [
          4.886921905584122,
          4.1887902047863905,
          2.0943951023931953,
          2.792526803190927,
          2.792526803190927,
          2.792526803190927,
          2.792526803190927,
          2.792526803190927,
          2.792526803190927,
          2.792526803190927
        ]
      },
      "8": {
        "sequence_length": 101,
        "final_value": 22.33664849398437,
        "converged": "False",
        "max_value": 22.538312217427602,
        "octave_phases": [
          5.585053606381854,
          1.3962634015954636,
          5.585053606381854,
          4.886921905584122,
          2.792526803190927,
          2.792526803190927,
          2.792526803190927,
          2.792526803190927,
          2.792526803190927,
          2.792526803190927
        ]
      },
      "13": {
        "sequence_length": 101,
        "final_value": 22.22479384212634,
        "converged": "False",
        "max_value": 22.670537854248483,
        "octave_phases": [
          2.792526803190927,
          1.3962634015954636,
          2.792526803190927,
          2.792526803190927,
          2.792526803190927,
          2.792526803190927,
          2.792526803190927,
          2.792526803190927,
          2.792526803190927,
          2.792526803190927
        ]
      },
      "17": {
        "sequence_length": 101,
        "final_value": 22.171892387817543,
        "converged": "False",
        "max_value": 22.529079255034983,
        "octave_phases": [
          5.585053606381854,
          2.792526803190927,
          2.792526803190927,
          2.792526803190927,
          2.792526803190927,
          2.792526803190927,
          2.792526803190927,
          2.792526803190927,
          2.792526803190927,
          2.792526803190927
        ]
      },
      "19": {
        "sequence_length": 101,
        "final_value": 22.205635129960346,
        "converged": "False",
        "max_value": 22.681657226636165,
        "octave_phases": [
          0.6981317007977318,
          2.792526803190927,
          2.792526803190927,
          2.792526803190927,
          2.792526803190927,
          2.792526803190927,
          2.792526803190927,
          2.792526803190927,
          2.792526803190927,
          2.792526803190927
        ]
      },
      "23": {
        "sequence_length": 101,
        "final_value": 22.365124248204477,
        "converged": "False",
        "max_value": 23.0,
        "octave_phases": [
          3.490658503988659,
          2.792526803190927,
          2.792526803190927,
          2.792526803190927,
          2.792526803190927,
          2.792526803190927,
          2.792526803190927,
          2.792526803190927,
          2.792526803190927,
          2.792526803190927
        ]
      },
      "27": {
        "sequence_length": 101,
        "final_value": 22.356150014091376,
        "converged": "False",
        "max_value": 27.0,
        "octave_phases": [
          6.283185307179586,
          2.0943951023931953,
          2.792526803190927,
          2.792526803190927,
          2.792526803190927,
          2.792526803190927,
          2.792526803190927,
          2.792526803190927,
          2.792526803190927,
          2.792526803190927
        ]
      }
    },
    "convergence_rate": 0.0,
    "average_sequence_length": 101.0
  },
  "entanglement_analysis": {
    "pairwise_bell_parameters": {
      "5-7": 0.029479226129555253,
      "5-8": 0.0697985629301643,
      "5-13": 0.07718568528582176,
      "7-8": 0.050593635316083914,
      "7-13": 0.06733670042334,
      "8-13": 0.12873867852981288
    },
    "correlation_matrix": [
      [
        1.0,
        -0.03859821913753249,
        0.07804333003885684,
        0.09916443291372219
      ],
      [
        -0.03859821913753248,
        1.0,
        -0.012298813575589582,
        0.0838071179599048
      ],
      [
        0.07804333003885684,
        -0.01229881357558958,
        1.0,
        -0.24894380345750752
      ],
      [
        0.09916443291372219,
        0.0838071179599048,
        -0.24894380345750752,
        0.9999999999999999
      ]
    ],
    "average_correlation": -0.006470992543024297,
    "entanglement_measure": 0.07052208143579636
  },
  "holographic_analysis": {
    "scaling_dimension": 0.17902520770578198,
    "hologram_entropy": -31837.616646579925,
    "boundary_area": 400,
    "bulk_volume": 4000
  },
  "cft_analysis": {
    "central_charge": 3.295836866004329,
    "scaling_dimension": 0.17902520770578198,
    "dominant_spin": 4,
    "ope_coefficients": [
      0.006344246501629963,
      0.00913510954340042,
      0.025238673481289876,
      0.004800251644656666,
      0.25137004551103453,
      0.36194887778759655,
      1.0,
      0.19019429243043254,
      -0.12129686135833043,
      -0.17465590523544747,
      -0.4825430218295669,
      -0.09177692860411725,
      0.002338768503584139,
      0.003367603461089695,
      0.009304085929686984,
      0.0017695840401088106,
      0.0063442465016299784,
      0.25137004551103476,
      -0.12129686135833043,
      0.0023387685035840076
    ],
    "spin_spectrum": {
      "spins": [
        0,
        1,
        2,
        3,
        4,
        5,
        6,
        7,
        8,
        9
      ],
      "power": [
        2.0194839173657902e-28,
        237156.0767323556,
        4017.007701713683,
        72789.50253990457,
        1814864.2425835934,
        7426.056159735149,
        11805.749044676819,
        49509.503491841155,
        57686.75912713652,
        42183.79327493114
      ]
    }
  },
  "decoherence_analysis": {
    "decoherence_data": [
      {
        "decoherence_strength": 0.01,
        "bell_parameter": 0.9937628152104492,
        "coherence": 0.9613039780602557
      },
      {
        "decoherence_strength": 0.035789473684210524,
        "bell_parameter": 0.8503911318607246,
        "coherence": 0.16166302556118423
      },
      {
        "decoherence_strength": 0.06157894736842105,
        "bell_parameter": 0.16185030189733238,
        "coherence": 0.23904926245099956
      },
      {
        "decoherence_strength": 0.08736842105263157,
        "bell_parameter": 0.19453481323692323,